cohort,id,question,event_title,created_at,end_date,volume,decision
test,552648,Israel x Iran ceasefire by Friday? ,Israel x Iran ceasefire by Friday? ,2025-06-15 17:26:45+00:00,2025-06-20 23:55:00+00:00,285858.298907,EXCLUDE (Israel x Iran family)
test,552649,Israel x Iran ceasefire before July? ,Israel x Iran ceasefire before July? ,2025-06-15 17:52:19+00:00,2025-06-30 23:55:00+00:00,51779894.19503,EXCLUDE (Israel x Iran family)
test,552845,Israel x Iran ceasefire before July 15?,Israel x Iran ceasefire before July 15?,2025-06-16 14:22:27+00:00,2025-07-15 00:00:00+00:00,649193.157285,EXCLUDE (Israel x Iran family)
test,555424,Israel x Iran ceasefire broken by June 27? ,Israel x Iran ceasefire broken by...? ,2025-06-24 18:37:45+00:00,2025-07-16 00:00:00+00:00,209118.952481,EXCLUDE (Israel x Iran family)
test,555425,Israel x Iran ceasefire broken by July 11? ,Israel x Iran ceasefire broken by...? ,2025-06-24 18:37:45+00:00,2025-07-16 00:00:00+00:00,410443.8096,EXCLUDE (Israel x Iran family)
test,555435,Will Israel or Iran break the ceasefire first?,Will Israel or Iran break the ceasefire first?,2025-06-24 20:14:53+00:00,2025-08-31 23:59:00+00:00,114479.367736,EXCLUDE (Israel x Iran family)
test,555833,Israel x Iran ceasefire broken by July 31?,Israel x Iran ceasefire broken by...? ,2025-06-25 22:22:33+00:00,2025-07-31 00:00:00+00:00,157519.702771,EXCLUDE (Israel x Iran family)
test,555834,Israel x Iran ceasefire broken by August 31?,Israel x Iran ceasefire broken by...? ,2025-06-25 22:24:09+00:00,2025-08-31 00:00:00+00:00,334324.403879,EXCLUDE (Israel x Iran family)
test,566908,Israel x Iran ceasefire broken by October 31?,Israel x Iran ceasefire broken by...? ,2025-07-23 14:15:57+00:00,2025-10-31 00:00:00+00:00,839694.595454,EXCLUDE (Israel x Iran family)
test,566910,Israel x Iran ceasefire broken by December 31?,Israel x Iran ceasefire broken by...? ,2025-07-23 14:17:19+00:00,2025-12-31 00:00:00+00:00,1078689.797501,EXCLUDE (Israel x Iran family)
test,580847,Israel x Iran ceasefire broken by September 30?,Israel x Iran ceasefire broken by...? ,2025-08-25 14:07:58+00:00,2025-09-01 00:00:00+00:00,431463.582017,EXCLUDE (Israel x Iran family)
test,666696,"Israel x Iran ceasefire broken by March 31, 2026?",Israel x Iran ceasefire broken by...? ,2025-11-05 17:52:02+00:00,2026-03-31 00:00:00+00:00,1378470.576415,EXCLUDE (Israel x Iran family)
test,958427,"Israel x Iran ceasefire broken by June 30, 2026?",Israel x Iran ceasefire broken by...? ,2025-12-17 22:34:05+00:00,2026-03-31 00:00:00+00:00,213941.914764,EXCLUDE (Israel x Iran family)
test,1494826,Will there be a US x Iran ceasefire before Kevin Warsh is confirmed as Fed Chair?,What will happen before Kevin Warsh is confirmed?,2026-03-03 21:39:55+00:00,2026-10-31 00:00:00+00:00,44467.97225900002,EXCLUDE (conditional / compound market)
test,1559953,US x Iran ceasefire before Trump visits China?,US x Iran ceasefire before Trump visits China?,2026-03-11 17:14:02+00:00,2026-06-30 00:00:00+00:00,68588.42812100008,EXCLUDE (conditional / compound market)
test,1560186,Russia x Ukraine ceasefire before US x Iran ceasefire?,Russia x Ukraine ceasefire before US x Iran ceasefire?,2026-03-11 17:33:44+00:00,2026-03-31 13:43:23+00:00,50558.006927000046,EXCLUDE (conditional / compound market)
test,1577370,Iran leadership change or US x Iran ceasefire first?,Iran leadership change or US x Iran ceasefire first?,2026-03-13 18:55:01+00:00,2026-12-31 00:00:00+00:00,28593.11081,EXCLUDE (conditional / compound market)
test,1734822,US x Iran ceasefire before Oil hits $120?,US x Iran ceasefire before Oil hits $120?,2026-03-26 20:45:04+00:00,2026-06-30 00:00:00+00:00,68657.50832200002,EXCLUDE (conditional / compound market)
test,554712,US x Iran ceasefire before July? ,US x Iran ceasefire before July? ,2025-06-22 01:30:16+00:00,2025-06-30 00:00:00+00:00,347829.063868,EXCLUDE (did not match canonical regex; review)
test,554713,US x Iran ceasefire before August? ,US x Iran ceasefire before August? ,2025-06-22 01:33:50+00:00,2025-07-31 00:00:00+00:00,240794.265583,EXCLUDE (did not match canonical regex; review)
test,1466012,US x Iran ceasefire by March 2?,US x Iran ceasefire by...?,2026-02-28 13:44:00+00:00,2026-03-19 09:09:23+00:00,3493959.096746,INCLUDE (test canonical)
test,1466013,US x Iran ceasefire by March 6?,US x Iran ceasefire by...?,2026-02-28 13:44:01+00:00,2026-03-19 09:09:23+00:00,0.0,INCLUDE (test canonical)
test,1466014,US x Iran ceasefire by March 15?,US x Iran ceasefire by...?,2026-02-28 13:44:01+00:00,2026-03-19 09:09:23+00:00,0.0,INCLUDE (test canonical)
test,1466015,US x Iran ceasefire by March 31?,US x Iran ceasefire by...?,2026-02-28 13:44:02+00:00,2026-03-31 13:43:23+00:00,42085838.09954412,INCLUDE (test canonical)
test,1466016,US x Iran ceasefire by April 30?,US x Iran ceasefire by...?,2026-02-28 13:44:03+00:00,2026-03-31 13:43:23+00:00,7178164.951393049,INCLUDE (test canonical)
test,1484894,US x Iran ceasefire by May 31?,US x Iran ceasefire by...?,2026-03-02 17:03:42+00:00,2026-05-31 00:00:00+00:00,2449769.810023984,INCLUDE (test canonical)
test,1484895,US x Iran ceasefire by June 30?,US x Iran ceasefire by...?,2026-03-02 17:04:03+00:00,2026-06-30 00:00:00+00:00,2478784.5118759912,INCLUDE (test canonical)
test,1569627,US x Iran ceasefire by April 15?,US x Iran ceasefire by...?,2026-03-12 16:42:24+00:00,2026-04-15 00:00:00+00:00,6681982.892939737,INCLUDE (test canonical)
test,1571566,US x Iran ceasefire by December 31?,US x Iran ceasefire by...?,2026-03-12 21:30:30+00:00,2026-12-31 00:00:00+00:00,654799.5193839994,INCLUDE (test canonical)
test,1706788,US x Iran ceasefire by April 7?,US x Iran ceasefire by...?,2026-03-24 17:52:05+00:00,2026-04-07 00:00:00+00:00,1923804.9707669995,INCLUDE (test canonical)
train,252842,Will US attack Iran by Nov 30?,Will US attack Iran by Nov 30?,2023-10-30 16:28:03+00:00,2023-11-30 00:00:00+00:00,15237.064498,EXCLUDE (2023/2024 historical markets)
train,253269,Will US attack Iran in 2023?,Will US attack Iran in 2023?,2023-12-04 17:40:51+00:00,2023-12-31 00:00:00+00:00,8061.851626,EXCLUDE (2023/2024 historical markets)
train,254049,Will US attack Iran by February 15?,Will US attack Iran by February 15?,2024-01-22 18:29:17+00:00,2024-02-15 00:00:00+00:00,237401.153348,EXCLUDE (2023/2024 historical markets)
train,554678,US strike on Iran on June  22?,US strikes Iran on...?,2025-06-22 00:15:35+00:00,2025-06-23 00:00:00+00:00,34511.589172,EXCLUDE (2025 June strike ladder - different real-world event)
train,554679,US strike on Iran on June  23?,US strikes Iran on...?,2025-06-22 00:15:36+00:00,2025-06-24 00:00:00+00:00,55638.822799,EXCLUDE (2025 June strike ladder - different real-world event)
train,554680,US strike on Iran on June  24?,US strikes Iran on...?,2025-06-22 00:15:36+00:00,2025-06-25 00:00:00+00:00,46730.208423,EXCLUDE (2025 June strike ladder - different real-world event)
train,554681,US strike on Iran on June  25?,US strikes Iran on...?,2025-06-22 00:15:37+00:00,2025-06-26 00:00:00+00:00,21935.924229,EXCLUDE (2025 June strike ladder - different real-world event)
train,554682,US strike on Iran on June  26?,US strikes Iran on...?,2025-06-22 00:15:37+00:00,2025-06-27 00:00:00+00:00,20525.303727,EXCLUDE (2025 June strike ladder - different real-world event)
train,554683,US strike on Iran on June  27?,US strikes Iran on...?,2025-06-22 00:15:38+00:00,2025-06-28 00:00:00+00:00,26593.725078,EXCLUDE (2025 June strike ladder - different real-world event)
train,554684,US strike on Iran on June  28? ,US strikes Iran on...?,2025-06-22 00:15:38+00:00,2025-06-29 00:00:00+00:00,31778.134489,EXCLUDE (2025 June strike ladder - different real-world event)
train,554685,US strike on Iran on June  29?,US strikes Iran on...?,2025-06-22 00:15:39+00:00,2025-06-30 00:00:00+00:00,33476.879055,EXCLUDE (2025 June strike ladder - different real-world event)
train,554686,US strike on Iran on June  30?,US strikes Iran on...?,2025-06-22 00:15:39+00:00,2025-07-01 00:00:00+00:00,26946.675162,EXCLUDE (2025 June strike ladder - different real-world event)
train,252605,Will the US publicly state that Iran was directly involved with the recent attack on Israel in 2023?,Will the US publicly state that Iran was directly involved with the recent attack on Israel in 2023?,2023-10-09 23:55:55+00:00,2023-12-31 00:00:00+00:00,46876.158111,"EXCLUDE (accusation market, not strike)"
train,1195686,US strikes Iran or Trump announces Fed nominee first?,US strikes Iran or Trump announces Fed nominee first?,2026-01-16 00:22:18+00:00,2026-12-31 00:00:00+00:00,58405.384506,EXCLUDE (compound market)
train,554577,Will Trump announce military action against Iran before July?,Will Trump announce military action against Iran before July?,2025-06-20 21:57:48+00:00,2025-07-01 00:00:00+00:00,33446.720741,EXCLUDE (did not match canonical regex; review)
train,618548,US strikes Iran by October 3?,US strikes Iran by...?,2025-09-30 20:51:16+00:00,2025-10-03 00:00:00+00:00,96049.490311,EXCLUDE (did not match canonical regex; review)
train,618823,US strikes Iran by October 31?,US strikes Iran by...?,2025-09-30 23:38:12+00:00,2025-10-03 00:00:00+00:00,737429.113513,EXCLUDE (did not match canonical regex; review)
train,528763,US military action against Iran before April?,US military action against Iran before April?,2025-03-18 01:50:08+00:00,2025-03-31 12:00:00+00:00,147964.527801,EXCLUDE (different family - broader 'military action' ladder)
train,532741,US military action against Iran before July?,US military action against Iran before July?,2025-03-31 16:44:47+00:00,2025-06-30 12:00:00+00:00,29917021.2541,EXCLUDE (different family - broader 'military action' ladder)
train,533151,US military action against Iran in April?,US military action against Iran in April?,2025-04-01 14:24:55+00:00,2025-04-30 12:00:00+00:00,1075567.463129,EXCLUDE (different family - broader 'military action' ladder)
train,551650,US military action against Iran before August?,US military action against Iran before August?,2025-06-11 19:25:10+00:00,2025-07-31 00:00:00+00:00,1199532.629456,EXCLUDE (different family - broader 'military action' ladder)
train,553538,US military action against Iran by Friday?,US military action against Iran by Friday?,2025-06-18 17:54:13+00:00,2025-06-20 00:00:00+00:00,2340571.936421,EXCLUDE (different family - broader 'military action' ladder)
train,553566,US military action against Iran by Thursday?,US military action against Iran by Thursday?,2025-06-18 20:57:52+00:00,2025-06-19 00:00:00+00:00,811717.636221,EXCLUDE (different family - broader 'military action' ladder)
train,554010,US military action against Iran by Saturday?,US military action against Iran by Saturday?,2025-06-19 22:26:46+00:00,2025-06-21 23:55:00+00:00,4480426.714156,EXCLUDE (different family - broader 'military action' ladder)
train,554011,US military action against Iran by Monday?,US military action against Iran by Monday?,2025-06-19 22:36:49+00:00,2025-06-23 23:55:00+00:00,959580.995146,EXCLUDE (different family - broader 'military action' ladder)
train,554012,US military action against Iran by Sunday?,US military action against Iran by Sunday?,2025-06-19 22:38:49+00:00,2025-06-22 23:55:00+00:00,3733050.391322,EXCLUDE (different family - broader 'military action' ladder)
train,1167607,"Will the US not strike Iran by January 31, 2026?",US next strikes Iran on...?,2026-01-12 15:02:17+00:00,2026-01-31 00:00:00+00:00,3713061.192454,"EXCLUDE (inverse market, not canonical ladder)"
train,1273938,"Will the US not strike Iran by February 28, 2026?",US next strikes Iran on...?,2026-01-26 23:22:56+00:00,2026-02-28 00:00:00+00:00,2460912.036104,"EXCLUDE (inverse market, not canonical ladder)"
train,1359830,"Will the US not strike Iran by March 31, 2026?",US next strikes Iran on...?,2026-02-09 15:43:20+00:00,2026-03-31 00:00:00+00:00,344679.563063,"EXCLUDE (inverse market, not canonical ladder)"
train,1385900,"Will the US not strike Iran by April 4, 2026?",When will the US next strike Iran? (Week),2026-02-16 16:57:37+00:00,2026-04-04 00:00:00+00:00,47104.576827,"EXCLUDE (inverse market, not canonical ladder)"
train,1139919,"Will US or Israel strike Iran by January 8, 2026?",US/Israel strikes Iran by...?,2026-01-08 22:34:56+00:00,2026-12-31 00:00:00+00:00,101670.289822,"EXCLUDE (joint US/Israel family, not canonical)"
train,1139920,"Will US or Israel strike Iran by January 9, 2026?",US/Israel strikes Iran by...?,2026-01-08 22:34:56+00:00,2026-12-31 00:00:00+00:00,125988.664163,"EXCLUDE (joint US/Israel family, not canonical)"
train,1139921,"Will US or Israel strike Iran by January 10, 2026?",US/Israel strikes Iran by...?,2026-01-08 22:34:57+00:00,2026-12-31 00:00:00+00:00,343643.685534,"EXCLUDE (joint US/Israel family, not canonical)"
train,1139922,"Will US or Israel strike Iran by January 11, 2026?",US/Israel strikes Iran by...?,2026-01-08 22:34:57+00:00,2026-12-31 00:00:00+00:00,434749.529083,"EXCLUDE (joint US/Israel family, not canonical)"
train,1139923,"Will US or Israel strike Iran by January 12, 2026?",US/Israel strikes Iran by...?,2026-01-08 22:34:57+00:00,2026-12-31 00:00:00+00:00,837265.25219,"EXCLUDE (joint US/Israel family, not canonical)"
train,1139942,"Will US or Israel strike Iran by January 31, 2026?",US/Israel strikes Iran by...?,2026-01-08 22:35:07+00:00,2026-12-31 00:00:00+00:00,6455319.003647,"EXCLUDE (joint US/Israel family, not canonical)"
train,1178277,Will US or Israel strike Iran first?,Will US or Israel strike Iran first?,2026-01-13 20:30:20+00:00,2026-03-31 00:00:00+00:00,0.0,"EXCLUDE (joint US/Israel family, not canonical)"
train,1198479,"Will US or Israel strike Iran by February 28, 2026?",US/Israel strikes Iran by...?,2026-01-16 15:00:03+00:00,2026-12-31 00:00:00+00:00,5854949.547693,"EXCLUDE (joint US/Israel family, not canonical)"
train,1198523,"Will US or Israel strike Iran by March 31, 2026?",US/Israel strikes Iran by...?,2026-01-16 15:00:24+00:00,2026-12-31 00:00:00+00:00,1516235.505774,"EXCLUDE (joint US/Israel family, not canonical)"
train,1198592,"Will US or Israel strike Iran by December 31, 2026?",US/Israel strikes Iran by...?,2026-01-16 15:00:46+00:00,2026-12-31 00:00:00+00:00,582874.757215,"EXCLUDE (joint US/Israel family, not canonical)"
train,1200889,"Will US or Israel strike Iran by February 15, 2026?",US/Israel strikes Iran by...?,2026-01-16 21:42:24+00:00,2026-12-31 00:00:00+00:00,2803267.801609,"EXCLUDE (joint US/Israel family, not canonical)"
train,1323373,"Will US or Israel strike Iran by June 30, 2026?",US/Israel strikes Iran by...?,2026-02-03 01:00:01+00:00,2026-12-31 00:00:00+00:00,751859.185051,"EXCLUDE (joint US/Israel family, not canonical)"
train,1465966,"Will US or Israel strike Iran on March 1, 2026?",US/Israel strikes Iran on...?,2026-02-28 13:37:04+00:00,2026-03-10 00:00:00+00:00,1546965.587591,"EXCLUDE (joint US/Israel family, not canonical)"
train,1465967,"Will US or Israel strike Iran on March 2, 2026?",US/Israel strikes Iran on...?,2026-02-28 13:37:05+00:00,2026-03-10 00:00:00+00:00,2110344.914614,"EXCLUDE (joint US/Israel family, not canonical)"
train,1465968,"Will US or Israel strike Iran on March 3, 2026?",US/Israel strikes Iran on...?,2026-02-28 13:37:06+00:00,2026-03-10 00:00:00+00:00,2127874.3337,"EXCLUDE (joint US/Israel family, not canonical)"
train,1465969,"Will US or Israel strike Iran on March 4, 2026?",US/Israel strikes Iran on...?,2026-02-28 13:37:06+00:00,2026-03-10 00:00:00+00:00,1204059.832157,"EXCLUDE (joint US/Israel family, not canonical)"
train,1465970,"Will US or Israel strike Iran on March 5, 2026?",US/Israel strikes Iran on...?,2026-02-28 13:37:07+00:00,2026-03-10 00:00:00+00:00,0.0,"EXCLUDE (joint US/Israel family, not canonical)"
train,1465971,"Will US or Israel strike Iran on March 6, 2026?",US/Israel strikes Iran on...?,2026-02-28 13:37:07+00:00,2026-03-10 00:00:00+00:00,0.0,"EXCLUDE (joint US/Israel family, not canonical)"
train,1465972,"Will US or Israel strike Iran on March 7, 2026?",US/Israel strikes Iran on...?,2026-02-28 13:37:08+00:00,2026-03-10 00:00:00+00:00,0.0,"EXCLUDE (joint US/Israel family, not canonical)"
train,1465973,"Will US or Israel strike Iran on March 8, 2026?",US/Israel strikes Iran on...?,2026-02-28 13:37:09+00:00,2026-03-10 00:00:00+00:00,0.0,"EXCLUDE (joint US/Israel family, not canonical)"
train,1465974,"Will US or Israel strike Iran on March 9, 2026?",US/Israel strikes Iran on...?,2026-02-28 13:37:09+00:00,2026-03-10 00:00:00+00:00,0.0,"EXCLUDE (joint US/Israel family, not canonical)"
train,1465975,"Will US or Israel strike Iran on March 10, 2026?",US/Israel strikes Iran on...?,2026-02-28 13:37:10+00:00,2026-03-10 00:00:00+00:00,0.0,"EXCLUDE (joint US/Israel family, not canonical)"
train,1321994,US strikes Iran by Feb 28 Odds >30% by Friday?,US strikes Iran by Feb 28 Odds >30% by Friday?,2026-02-02 21:08:12+00:00,2026-02-06 00:00:00+00:00,767399.812463,EXCLUDE (meta-odds market)
train,1348943,Odds of US strikes Iran in February over 50% by Feb 13?,Odds of US strikes Iran in February over 50% by Feb 13?,2026-02-06 22:23:31+00:00,2026-02-13 00:00:00+00:00,156517.862838,EXCLUDE (meta-odds market)
train,1393838,Odds US strikes Iran by Feb 28 over 30% on Friday?,Odds US strikes Iran in Feb over __ on Friday?,2026-02-18 20:08:22+00:00,2026-02-20 00:00:00+00:00,69981.941089,EXCLUDE (meta-odds market)
train,1393839,Odds US strikes Iran by Feb 2 over 20% on Friday?,Odds US strikes Iran in Feb over __ on Friday?,2026-02-18 20:08:22+00:00,2026-02-20 00:00:00+00:00,70959.068637,EXCLUDE (meta-odds market)
train,1529737,Will the US accuse Iran of Oslo Embassy attack?,Will the US accuse Iran of Oslo Embassy attack?,2026-03-08 02:37:29+00:00,2026-03-31 13:43:23+00:00,431022.1269339997,EXCLUDE (not a strike market)
train,1356637,Trump strikes Iran during Big Game...?,Trump strikes Iran during Big Game...?,2026-02-08 18:58:35+00:00,2026-02-08 00:00:00+00:00,43325.100505,EXCLUDE (novelty/conditional timing variant)
train,1430107,Trump announces military action against Iran durring SOTU?,Trump announces military action against Iran durring SOTU?,2026-02-24 22:28:23+00:00,2026-02-25 00:00:00+00:00,158109.92986,EXCLUDE (novelty/conditional timing variant)
train,1144709,Will the US strike Iran next?,Next Country US Strikes,2026-01-09 18:32:44+00:00,2026-12-31 00:00:00+00:00,1563708.569054,"EXCLUDE (open-ended, no deadline rung)"
train,1157592,Will the US strike Iran next?,Next Country US Strikes,2026-01-11 05:29:00+00:00,2026-12-31 00:00:00+00:00,1120998.711464,"EXCLUDE (open-ended, no deadline rung)"
train,1178489,Will the US strike Iran next?,Next Country US Strikes,2026-01-13 21:14:43+00:00,2026-12-31 00:00:00+00:00,308546.209494,"EXCLUDE (open-ended, no deadline rung)"
train,1199781,Will the US strike Iran next?,Next Country US Strikes,2026-01-16 18:55:30+00:00,2026-03-19 09:09:23+00:00,1174636.91332,"EXCLUDE (open-ended, no deadline rung)"
train,1251815,Will the US strike Iran next?,Next Country US Strikes,2026-01-23 20:20:38+00:00,2026-12-31 00:00:00+00:00,1732824.916253,"EXCLUDE (open-ended, no deadline rung)"
train,1273679,Will the US strike Iran next?,Next Country US Strikes,2026-01-26 22:57:13+00:00,2026-12-31 00:00:00+00:00,1243467.84237,"EXCLUDE (open-ended, no deadline rung)"
train,1296547,Will the US strike Iran next?,Next Country US Strikes,2026-01-29 22:25:36+00:00,2026-12-31 00:00:00+00:00,1388824.953742,"EXCLUDE (open-ended, no deadline rung)"
train,1329595,Will the US strike Iran next?,Next Country US Strikes,2026-02-03 23:13:51+00:00,2026-12-31 00:00:00+00:00,1232602.012225,"EXCLUDE (open-ended, no deadline rung)"
train,1385632,Will the US strike Iran next?,Next Country US Strikes,2026-02-16 15:41:20+00:00,2026-12-31 00:00:00+00:00,1703509.345424,"EXCLUDE (open-ended, no deadline rung)"
train,1422367,Will the US strike Iran next?,Next Country US Strikes,2026-02-24 00:04:17+00:00,2026-12-31 00:00:00+00:00,1916981.16457,"EXCLUDE (open-ended, no deadline rung)"
train,1167608,"Will the US next strike Iran on January 12, 2026 (ET)?",US next strikes Iran on...?,2026-01-12 15:02:18+00:00,2026-01-31 00:00:00+00:00,174395.522147,"EXCLUDE (parallel 'next strike' ladder, different resolution mechanic)"
train,1167609,"Will the US next strike Iran on January 13, 2026 (ET)?",US next strikes Iran on...?,2026-01-12 15:02:18+00:00,2026-01-31 00:00:00+00:00,352574.897619,"EXCLUDE (parallel 'next strike' ladder, different resolution mechanic)"
train,1167610,"Will the US next strike Iran on January 14, 2026 (ET)?",US next strikes Iran on...?,2026-01-12 15:02:19+00:00,2026-01-31 00:00:00+00:00,1357454.586032,"EXCLUDE (parallel 'next strike' ladder, different resolution mechanic)"
train,1167611,"Will the US next strike Iran on January 15, 2026 (ET)?",US next strikes Iran on...?,2026-01-12 15:02:19+00:00,2026-01-31 00:00:00+00:00,721329.080151,"EXCLUDE (parallel 'next strike' ladder, different resolution mechanic)"
train,1167612,"Will the US next strike Iran on January 16, 2026 (ET)?",US next strikes Iran on...?,2026-01-12 15:02:20+00:00,2026-01-31 00:00:00+00:00,851046.503448,"EXCLUDE (parallel 'next strike' ladder, different resolution mechanic)"
train,1167613,"Will the US next strike Iran on January 17, 2026 (ET)?",US next strikes Iran on...?,2026-01-12 15:02:22+00:00,2026-01-31 00:00:00+00:00,509296.151737,"EXCLUDE (parallel 'next strike' ladder, different resolution mechanic)"
train,1167614,"Will the US next strike Iran on January 18, 2026 (ET)?",US next strikes Iran on...?,2026-01-12 15:02:22+00:00,2026-01-31 00:00:00+00:00,569914.084322,"EXCLUDE (parallel 'next strike' ladder, different resolution mechanic)"
train,1167615,"Will the US next strike Iran on January 19, 2026 (ET)?",US next strikes Iran on...?,2026-01-12 15:02:23+00:00,2026-01-31 00:00:00+00:00,1188559.348457,"EXCLUDE (parallel 'next strike' ladder, different resolution mechanic)"
train,1167616,"Will the US next strike Iran on January 20, 2026 (ET)?",US next strikes Iran on...?,2026-01-12 15:02:23+00:00,2026-01-31 00:00:00+00:00,1015021.458811,"EXCLUDE (parallel 'next strike' ladder, different resolution mechanic)"
train,1167617,"Will the US next strike Iran on January 21, 2026 (ET)?",US next strikes Iran on...?,2026-01-12 15:02:24+00:00,2026-01-31 00:00:00+00:00,1260513.937027,"EXCLUDE (parallel 'next strike' ladder, different resolution mechanic)"
train,1167618,"Will the US next strike Iran on January 22, 2026 (ET)?",US next strikes Iran on...?,2026-01-12 15:02:25+00:00,2026-01-31 00:00:00+00:00,1295691.790459,"EXCLUDE (parallel 'next strike' ladder, different resolution mechanic)"
train,1167619,"Will the US next strike Iran on January 23, 2026 (ET)?",US next strikes Iran on...?,2026-01-12 15:02:25+00:00,2026-01-31 00:00:00+00:00,2137803.046787,"EXCLUDE (parallel 'next strike' ladder, different resolution mechanic)"
train,1167620,"Will the US next strike Iran on January 24, 2026 (ET)?",US next strikes Iran on...?,2026-01-12 15:02:26+00:00,2026-01-31 00:00:00+00:00,1460612.60203,"EXCLUDE (parallel 'next strike' ladder, different resolution mechanic)"
train,1167621,"Will the US next strike Iran on January 25, 2026 (ET)?",US next strikes Iran on...?,2026-01-12 15:02:26+00:00,2026-01-31 00:00:00+00:00,1551909.358593,"EXCLUDE (parallel 'next strike' ladder, different resolution mechanic)"
train,1167622,"Will the US next strike Iran on January 26, 2026 (ET)?",US next strikes Iran on...?,2026-01-12 15:02:27+00:00,2026-01-31 00:00:00+00:00,1541870.036475,"EXCLUDE (parallel 'next strike' ladder, different resolution mechanic)"
train,1167623,"Will the US next strike Iran on January 27, 2026 (ET)?",US next strikes Iran on...?,2026-01-12 15:02:27+00:00,2026-01-31 00:00:00+00:00,1514603.445531,"EXCLUDE (parallel 'next strike' ladder, different resolution mechanic)"
train,1167624,"Will the US next strike Iran on January 28, 2026 (ET)?",US next strikes Iran on...?,2026-01-12 15:02:28+00:00,2026-01-31 00:00:00+00:00,1311210.751113,"EXCLUDE (parallel 'next strike' ladder, different resolution mechanic)"
train,1167625,"Will the US next strike Iran on January 29, 2026 (ET)?",US next strikes Iran on...?,2026-01-12 15:02:28+00:00,2026-01-31 00:00:00+00:00,1637680.053291,"EXCLUDE (parallel 'next strike' ladder, different resolution mechanic)"
train,1167626,"Will the US next strike Iran on January 30, 2026 (ET)?",US next strikes Iran on...?,2026-01-12 15:02:29+00:00,2026-01-31 00:00:00+00:00,1729140.700071,"EXCLUDE (parallel 'next strike' ladder, different resolution mechanic)"
train,1167627,"Will the US next strike Iran on January 31, 2026 (ET)?",US next strikes Iran on...?,2026-01-12 15:02:29+00:00,2026-01-31 00:00:00+00:00,2620126.344634,"EXCLUDE (parallel 'next strike' ladder, different resolution mechanic)"
train,1273905,Will the US next strike Iran in January 2026 (ET)?,US next strikes Iran on...?,2026-01-26 23:22:38+00:00,2026-02-28 00:00:00+00:00,264639.439241,"EXCLUDE (parallel 'next strike' ladder, different resolution mechanic)"
train,1273906,"Will the US next strike Iran on February 1, 2026 (ET)?",US next strikes Iran on...?,2026-01-26 23:22:38+00:00,2026-02-28 00:00:00+00:00,891598.734646,"EXCLUDE (parallel 'next strike' ladder, different resolution mechanic)"
train,1273907,"Will the US next strike Iran on February 2, 2026 (ET)?",US next strikes Iran on...?,2026-01-26 23:22:39+00:00,2026-02-28 00:00:00+00:00,489907.355097,"EXCLUDE (parallel 'next strike' ladder, different resolution mechanic)"
train,1273908,"Will the US next strike Iran on February 3, 2026 (ET)?",US next strikes Iran on...?,2026-01-26 23:22:40+00:00,2026-02-28 00:00:00+00:00,463964.351791,"EXCLUDE (parallel 'next strike' ladder, different resolution mechanic)"
train,1273909,"Will the US next strike Iran on February 4, 2026 (ET)?",US next strikes Iran on...?,2026-01-26 23:22:40+00:00,2026-02-28 00:00:00+00:00,999004.597025,"EXCLUDE (parallel 'next strike' ladder, different resolution mechanic)"
train,1273910,"Will the US next strike Iran on February 5, 2026 (ET)?",US next strikes Iran on...?,2026-01-26 23:22:41+00:00,2026-02-28 00:00:00+00:00,501896.8942,"EXCLUDE (parallel 'next strike' ladder, different resolution mechanic)"
train,1273911,"Will the US next strike Iran on February 6, 2026 (ET)?",US next strikes Iran on...?,2026-01-26 23:22:42+00:00,2026-02-28 00:00:00+00:00,576956.082557,"EXCLUDE (parallel 'next strike' ladder, different resolution mechanic)"
train,1273912,"Will the US next strike Iran on February 7, 2026 (ET)?",US next strikes Iran on...?,2026-01-26 23:22:42+00:00,2026-02-28 00:00:00+00:00,648793.858433,"EXCLUDE (parallel 'next strike' ladder, different resolution mechanic)"
train,1273913,"Will the US next strike Iran on February 8, 2026 (ET)?",US next strikes Iran on...?,2026-01-26 23:22:43+00:00,2026-02-28 00:00:00+00:00,2612755.165627,"EXCLUDE (parallel 'next strike' ladder, different resolution mechanic)"
train,1273914,"Will the US next strike Iran on February 9, 2026 (ET)?",US next strikes Iran on...?,2026-01-26 23:22:43+00:00,2026-02-28 00:00:00+00:00,3494377.897018,"EXCLUDE (parallel 'next strike' ladder, different resolution mechanic)"
train,1273915,"Will the US next strike Iran on February 10, 2026 (ET)?",US next strikes Iran on...?,2026-01-26 23:22:44+00:00,2026-02-28 00:00:00+00:00,2824909.075364,"EXCLUDE (parallel 'next strike' ladder, different resolution mechanic)"
train,1273916,"Will the US next strike Iran on February 11, 2026 (ET)?",US next strikes Iran on...?,2026-01-26 23:22:45+00:00,2026-02-28 00:00:00+00:00,2583817.375819,"EXCLUDE (parallel 'next strike' ladder, different resolution mechanic)"
train,1273917,"Will the US next strike Iran on February 12, 2026 (ET)?",US next strikes Iran on...?,2026-01-26 23:22:45+00:00,2026-02-28 00:00:00+00:00,1154654.031545,"EXCLUDE (parallel 'next strike' ladder, different resolution mechanic)"
train,1273918,"Will the US next strike Iran on February 13, 2026 (ET)?",US next strikes Iran on...?,2026-01-26 23:22:46+00:00,2026-02-28 00:00:00+00:00,1200922.649057,"EXCLUDE (parallel 'next strike' ladder, different resolution mechanic)"
train,1273919,"Will the US next strike Iran on February 14, 2026 (ET)?",US next strikes Iran on...?,2026-01-26 23:22:47+00:00,2026-02-28 00:00:00+00:00,1111982.300338,"EXCLUDE (parallel 'next strike' ladder, different resolution mechanic)"
train,1273920,"Will the US next strike Iran on February 15, 2026 (ET)?",US next strikes Iran on...?,2026-01-26 23:22:47+00:00,2026-02-28 00:00:00+00:00,920532.358599,"EXCLUDE (parallel 'next strike' ladder, different resolution mechanic)"
train,1273921,"Will the US next strike Iran on February 16, 2026 (ET)?",US next strikes Iran on...?,2026-01-26 23:22:48+00:00,2026-02-28 00:00:00+00:00,889917.824023,"EXCLUDE (parallel 'next strike' ladder, different resolution mechanic)"
train,1273922,"Will the US next strike Iran on February 17, 2026 (ET)?",US next strikes Iran on...?,2026-01-26 23:22:49+00:00,2026-02-28 00:00:00+00:00,1489119.099551,"EXCLUDE (parallel 'next strike' ladder, different resolution mechanic)"
train,1273926,"Will the US next strike Iran on February 18, 2026 (ET)?",US next strikes Iran on...?,2026-01-26 23:22:49+00:00,2026-02-28 00:00:00+00:00,1489594.168396,"EXCLUDE (parallel 'next strike' ladder, different resolution mechanic)"
train,1273927,"Will the US next strike Iran on February 19, 2026 (ET)?",US next strikes Iran on...?,2026-01-26 23:22:50+00:00,2026-02-28 00:00:00+00:00,1876860.784555,"EXCLUDE (parallel 'next strike' ladder, different resolution mechanic)"
train,1273928,"Will the US next strike Iran on February 20, 2026 (ET)?",US next strikes Iran on...?,2026-01-26 23:22:51+00:00,2026-02-28 00:00:00+00:00,2202131.978314,"EXCLUDE (parallel 'next strike' ladder, different resolution mechanic)"
train,1273930,"Will the US next strike Iran on February 21, 2026 (ET)?",US next strikes Iran on...?,2026-01-26 23:22:51+00:00,2026-02-28 00:00:00+00:00,1861683.84994,"EXCLUDE (parallel 'next strike' ladder, different resolution mechanic)"
train,1273931,"Will the US next strike Iran on February 22, 2026 (ET)?",US next strikes Iran on...?,2026-01-26 23:22:52+00:00,2026-02-28 00:00:00+00:00,3010313.838734,"EXCLUDE (parallel 'next strike' ladder, different resolution mechanic)"
train,1273932,"Will the US next strike Iran on February 23, 2026 (ET)?",US next strikes Iran on...?,2026-01-26 23:22:52+00:00,2026-02-28 00:00:00+00:00,2264917.795354,"EXCLUDE (parallel 'next strike' ladder, different resolution mechanic)"
train,1273933,"Will the US next strike Iran on February 24, 2026 (ET)?",US next strikes Iran on...?,2026-01-26 23:22:53+00:00,2026-02-28 00:00:00+00:00,2299929.949155,"EXCLUDE (parallel 'next strike' ladder, different resolution mechanic)"
train,1273934,"Will the US next strike Iran on February 25, 2026 (ET)?",US next strikes Iran on...?,2026-01-26 23:22:54+00:00,2026-02-28 00:00:00+00:00,2565929.395161,"EXCLUDE (parallel 'next strike' ladder, different resolution mechanic)"
train,1273935,"Will the US next strike Iran on February 26, 2026 (ET)?",US next strikes Iran on...?,2026-01-26 23:22:54+00:00,2026-02-28 00:00:00+00:00,3013510.0260639945,"EXCLUDE (parallel 'next strike' ladder, different resolution mechanic)"
train,1273936,"Will the US next strike Iran on February 27, 2026 (ET)?",US next strikes Iran on...?,2026-01-26 23:22:55+00:00,2026-02-28 00:00:00+00:00,4604644.048422,"EXCLUDE (parallel 'next strike' ladder, different resolution mechanic)"
train,1273937,"Will the US next strike Iran on February 28, 2026 (ET)?",US next strikes Iran on...?,2026-01-26 23:22:55+00:00,2026-02-28 00:00:00+00:00,5837356.570176992,"EXCLUDE (parallel 'next strike' ladder, different resolution mechanic)"
train,1359798,Will the US next strike Iran before March 2026 (ET)?,US next strikes Iran on...?,2026-02-09 15:43:00+00:00,2026-03-31 00:00:00+00:00,775327.809607,"EXCLUDE (parallel 'next strike' ladder, different resolution mechanic)"
train,1359799,"Will the US next strike Iran on March 1, 2026 (ET)?",US next strikes Iran on...?,2026-02-09 15:43:01+00:00,2026-03-31 00:00:00+00:00,3313910.888552,"EXCLUDE (parallel 'next strike' ladder, different resolution mechanic)"
train,1359800,"Will the US next strike Iran on March 2, 2026 (ET)?",US next strikes Iran on...?,2026-02-09 15:43:01+00:00,2026-03-31 00:00:00+00:00,1842438.459517,"EXCLUDE (parallel 'next strike' ladder, different resolution mechanic)"
train,1359801,"Will the US next strike Iran on March 3, 2026 (ET)?",US next strikes Iran on...?,2026-02-09 15:43:02+00:00,2026-03-31 00:00:00+00:00,1011020.780329,"EXCLUDE (parallel 'next strike' ladder, different resolution mechanic)"
train,1359802,"Will the US next strike Iran on March 4, 2026 (ET)?",US next strikes Iran on...?,2026-02-09 15:43:03+00:00,2026-03-31 00:00:00+00:00,789232.937434,"EXCLUDE (parallel 'next strike' ladder, different resolution mechanic)"
train,1359803,"Will the US next strike Iran on March 5, 2026 (ET)?",US next strikes Iran on...?,2026-02-09 15:43:03+00:00,2026-03-31 00:00:00+00:00,646979.18064,"EXCLUDE (parallel 'next strike' ladder, different resolution mechanic)"
train,1359804,"Will the US next strike Iran on March 6, 2026 (ET)?",US next strikes Iran on...?,2026-02-09 15:43:04+00:00,2026-03-31 00:00:00+00:00,673323.896609,"EXCLUDE (parallel 'next strike' ladder, different resolution mechanic)"
train,1359805,"Will the US next strike Iran on March 7, 2026 (ET)?",US next strikes Iran on...?,2026-02-09 15:43:05+00:00,2026-03-31 00:00:00+00:00,561394.75921,"EXCLUDE (parallel 'next strike' ladder, different resolution mechanic)"
train,1359806,"Will the US next strike Iran on March 8, 2026 (ET)?",US next strikes Iran on...?,2026-02-09 15:43:05+00:00,2026-03-31 00:00:00+00:00,562546.307493,"EXCLUDE (parallel 'next strike' ladder, different resolution mechanic)"
train,1359807,"Will the US next strike Iran on March 9, 2026 (ET)?",US next strikes Iran on...?,2026-02-09 15:43:06+00:00,2026-03-31 00:00:00+00:00,515449.708882,"EXCLUDE (parallel 'next strike' ladder, different resolution mechanic)"
train,1359808,"Will the US next strike Iran on March 10, 2026 (ET)?",US next strikes Iran on...?,2026-02-09 15:43:06+00:00,2026-03-31 00:00:00+00:00,418466.562438,"EXCLUDE (parallel 'next strike' ladder, different resolution mechanic)"
train,1359809,"Will the US next strike Iran on March 11, 2026 (ET)?",US next strikes Iran on...?,2026-02-09 15:43:07+00:00,2026-03-31 00:00:00+00:00,377029.413814,"EXCLUDE (parallel 'next strike' ladder, different resolution mechanic)"
train,1359810,"Will the US next strike Iran on March 12, 2026 (ET)?",US next strikes Iran on...?,2026-02-09 15:43:07+00:00,2026-03-31 00:00:00+00:00,410437.490604,"EXCLUDE (parallel 'next strike' ladder, different resolution mechanic)"
train,1359811,"Will the US next strike Iran on March 13, 2026 (ET)?",US next strikes Iran on...?,2026-02-09 15:43:08+00:00,2026-03-31 00:00:00+00:00,373247.007409,"EXCLUDE (parallel 'next strike' ladder, different resolution mechanic)"
train,1359812,"Will the US next strike Iran on March 14, 2026 (ET)?",US next strikes Iran on...?,2026-02-09 15:43:09+00:00,2026-03-31 00:00:00+00:00,308734.92538,"EXCLUDE (parallel 'next strike' ladder, different resolution mechanic)"
train,1359813,"Will the US next strike Iran on March 15, 2026 (ET)?",US next strikes Iran on...?,2026-02-09 15:43:09+00:00,2026-03-31 00:00:00+00:00,412714.652435,"EXCLUDE (parallel 'next strike' ladder, different resolution mechanic)"
train,1359814,"Will the US next strike Iran on March 16, 2026 (ET)?",US next strikes Iran on...?,2026-02-09 15:43:10+00:00,2026-03-31 00:00:00+00:00,342800.458233,"EXCLUDE (parallel 'next strike' ladder, different resolution mechanic)"
train,1359815,"Will the US next strike Iran on March 17, 2026 (ET)?",US next strikes Iran on...?,2026-02-09 15:43:10+00:00,2026-03-31 00:00:00+00:00,309065.951149,"EXCLUDE (parallel 'next strike' ladder, different resolution mechanic)"
train,1359816,"Will the US next strike Iran on March 18, 2026 (ET)?",US next strikes Iran on...?,2026-02-09 15:43:11+00:00,2026-03-31 00:00:00+00:00,329327.502193,"EXCLUDE (parallel 'next strike' ladder, different resolution mechanic)"
train,1359817,"Will the US next strike Iran on March 19, 2026 (ET)?",US next strikes Iran on...?,2026-02-09 15:43:12+00:00,2026-03-31 00:00:00+00:00,360907.122067,"EXCLUDE (parallel 'next strike' ladder, different resolution mechanic)"
train,1359818,"Will the US next strike Iran on March 20, 2026 (ET)?",US next strikes Iran on...?,2026-02-09 15:43:12+00:00,2026-03-31 00:00:00+00:00,396813.917892,"EXCLUDE (parallel 'next strike' ladder, different resolution mechanic)"
train,1359819,"Will the US next strike Iran on March 21, 2026 (ET)?",US next strikes Iran on...?,2026-02-09 15:43:13+00:00,2026-03-31 00:00:00+00:00,315066.694084,"EXCLUDE (parallel 'next strike' ladder, different resolution mechanic)"
train,1359820,"Will the US next strike Iran on March 22, 2026 (ET)?",US next strikes Iran on...?,2026-02-09 15:43:13+00:00,2026-03-31 00:00:00+00:00,361260.81219,"EXCLUDE (parallel 'next strike' ladder, different resolution mechanic)"
train,1359821,"Will the US next strike Iran on March 23, 2026 (ET)?",US next strikes Iran on...?,2026-02-09 15:43:14+00:00,2026-03-31 00:00:00+00:00,343754.582294,"EXCLUDE (parallel 'next strike' ladder, different resolution mechanic)"
train,1359822,"Will the US next strike Iran on March 24, 2026 (ET)?",US next strikes Iran on...?,2026-02-09 15:43:15+00:00,2026-03-31 00:00:00+00:00,313688.907946,"EXCLUDE (parallel 'next strike' ladder, different resolution mechanic)"
train,1359823,"Will the US next strike Iran on March 25, 2026 (ET)?",US next strikes Iran on...?,2026-02-09 15:43:15+00:00,2026-03-31 00:00:00+00:00,302780.024788,"EXCLUDE (parallel 'next strike' ladder, different resolution mechanic)"
train,1359824,"Will the US next strike Iran on March 26, 2026 (ET)?",US next strikes Iran on...?,2026-02-09 15:43:16+00:00,2026-03-31 00:00:00+00:00,314445.277357,"EXCLUDE (parallel 'next strike' ladder, different resolution mechanic)"
train,1359825,"Will the US next strike Iran on March 27, 2026 (ET)?",US next strikes Iran on...?,2026-02-09 15:43:17+00:00,2026-03-31 00:00:00+00:00,249782.818843,"EXCLUDE (parallel 'next strike' ladder, different resolution mechanic)"
train,1359826,"Will the US next strike Iran on March 28, 2026 (ET)?",US next strikes Iran on...?,2026-02-09 15:43:17+00:00,2026-03-31 00:00:00+00:00,260935.812765,"EXCLUDE (parallel 'next strike' ladder, different resolution mechanic)"
train,1359827,"Will the US next strike Iran on March 29, 2026 (ET)?",US next strikes Iran on...?,2026-02-09 15:43:18+00:00,2026-03-31 00:00:00+00:00,337810.325944,"EXCLUDE (parallel 'next strike' ladder, different resolution mechanic)"
train,1359828,"Will the US next strike Iran on March 30, 2026 (ET)?",US next strikes Iran on...?,2026-02-09 15:43:18+00:00,2026-03-31 00:00:00+00:00,412510.139262,"EXCLUDE (parallel 'next strike' ladder, different resolution mechanic)"
train,1359829,"Will the US next strike Iran on March 31, 2026 (ET)?",US next strikes Iran on...?,2026-02-09 15:43:19+00:00,2026-03-31 00:00:00+00:00,796197.554782,"EXCLUDE (parallel 'next strike' ladder, different resolution mechanic)"
train,1385893,"Will the US next strike Iran during the week of February 15-21, 2026 (ET)?",When will the US next strike Iran? (Week),2026-02-16 16:57:33+00:00,2026-04-04 00:00:00+00:00,51396.567776,"EXCLUDE (parallel 'next strike' ladder, different resolution mechanic)"
train,1385894,"Will the US next strike Iran during the week of February 22-28, 2026 (ET)?",When will the US next strike Iran? (Week),2026-02-16 16:57:34+00:00,2026-04-04 00:00:00+00:00,232929.691155,"EXCLUDE (parallel 'next strike' ladder, different resolution mechanic)"
train,1385895,"Will the US next strike Iran during the week of March 1-7, 2026 (ET)?",When will the US next strike Iran? (Week),2026-02-16 16:57:35+00:00,2026-04-04 00:00:00+00:00,2542436.738367,"EXCLUDE (parallel 'next strike' ladder, different resolution mechanic)"
train,1385896,"Will the US next strike Iran during the week of March 8-14, 2026 (ET)?",When will the US next strike Iran? (Week),2026-02-16 16:57:35+00:00,2026-04-04 00:00:00+00:00,336172.390267,"EXCLUDE (parallel 'next strike' ladder, different resolution mechanic)"
train,1385897,"Will the US next strike Iran during the week of March 15-21, 2026 (ET)?",When will the US next strike Iran? (Week),2026-02-16 16:57:36+00:00,2026-04-04 00:00:00+00:00,51669.449131,"EXCLUDE (parallel 'next strike' ladder, different resolution mechanic)"
train,1385898,"Will the US next strike Iran during the week of March 22-28, 2026 (ET)?",When will the US next strike Iran? (Week),2026-02-16 16:57:36+00:00,2026-04-04 00:00:00+00:00,39315.445884,"EXCLUDE (parallel 'next strike' ladder, different resolution mechanic)"
train,1385899,"Will the US next strike Iran during the week of March 29-April 4, 2026 (ET)?",When will the US next strike Iran? (Week),2026-02-16 16:57:37+00:00,2026-04-04 00:00:00+00:00,49595.555574,"EXCLUDE (parallel 'next strike' ladder, different resolution mechanic)"
train,254194,US response to Iran’s drone attack by Jan 31?,US response to Iran’s drone attack by Jan 31?,2024-01-30 03:01:52+00:00,2024-01-31 00:00:00+00:00,111917.760079,"EXCLUDE (response to Iran drone, different event)"
train,504566,Iran strike on US military in August?,Iran strike on US military in August?,2024-08-05 18:54:49+00:00,2024-08-31 12:00:00+00:00,110561.058601,EXCLUDE (reversed direction: Iran→US)
train,505863,Iran strike on US military before October?,Iran strike on US military before October?,2024-08-26 21:15:48+00:00,2024-09-30 12:00:00+00:00,61620.761155,EXCLUDE (reversed direction: Iran→US)
train,507743,Iran strike on US military before November?,Iran strike on US military before November?,2024-09-23 18:35:57+00:00,2024-10-31 12:00:00+00:00,246822.701761,EXCLUDE (reversed direction: Iran→US)
train,1168450,Iran strike on US military by January 31?,Iran strike on US military by January 31?,2026-01-12 17:10:04+00:00,2026-01-31 00:00:00+00:00,310860.275666,EXCLUDE (reversed direction: Iran→US)
train,1198784,Iran strike on US military by February 28?,Iran strike on US military by February 28?,2026-01-16 15:26:30+00:00,2026-02-28 00:00:00+00:00,784435.306721,EXCLUDE (reversed direction: Iran→US)
train,1394342,Iran strike on US military by March 31?,Iran strike on US military by March 31?,2026-02-18 21:11:41+00:00,2026-03-31 00:00:00+00:00,439.994438,EXCLUDE (reversed direction: Iran→US)
train,554688,Another US military action against Iran by Sunday?,Another US military action against Iran by Sunday?,2025-06-22 00:25:18+00:00,2025-06-22 20:55:00+00:00,629849.082123,EXCLUDE (sequel-action family)
train,554695,Another US military action against Iran by Monday?,Another US military action against Iran by Monday?,2025-06-22 00:35:38+00:00,2025-06-23 00:00:00+00:00,1032749.912695,EXCLUDE (sequel-action family)
train,554707,Another US military action against Iran by June 30?,Another US military action against Iran by June 30?,2025-06-22 00:49:49+00:00,2025-06-30 00:00:00+00:00,997664.015782,EXCLUDE (sequel-action family)
train,555100,Another US military action against Iran by Wednesday?,Another US military action against Iran by Wednesday?,2025-06-23 16:18:13+00:00,2025-06-25 00:00:00+00:00,135402.592413,EXCLUDE (sequel-action family)
train,555101,Another US military action against Iran by Friday?,Another US military action against Iran by Friday?,2025-06-23 16:19:19+00:00,2025-06-27 00:00:00+00:00,209594.368967,EXCLUDE (sequel-action family)
train,555103,Another US military action against Iran by Tuesday?,Another US military action against Iran by Tuesday?,2025-06-23 16:55:05+00:00,2025-06-24 00:00:00+00:00,184218.668436,EXCLUDE (sequel-action family)
train,556125,Another US military action against Iran before August?,Another US military action against Iran before August?,2025-06-26 21:38:11+00:00,2025-07-31 00:00:00+00:00,315624.381713,EXCLUDE (sequel-action family)
train,556126,Another US military action against Iran before 2026?,Another US military action against Iran before 2026?,2025-06-26 21:40:11+00:00,2025-12-31 00:00:00+00:00,1185190.980067,EXCLUDE (sequel-action family)
train,984440,"US strikes Iran by December 31, 2025?",US strikes Iran by...?,2025-12-20 23:36:49+00:00,2026-06-30 00:00:00+00:00,19193.115593,INCLUDE (train canonical)
train,984441,"US strikes Iran by March 31, 2026?",US strikes Iran by...?,2025-12-20 23:36:49+00:00,2026-06-30 00:00:00+00:00,22213247.327937,INCLUDE (train canonical)
train,984442,"US strikes Iran by June 30, 2026?",US strikes Iran by...?,2025-12-20 23:36:50+00:00,2026-06-30 00:00:00+00:00,9193272.467516,INCLUDE (train canonical)
train,1092199,"US strikes Iran by January 31, 2026?",US strikes Iran by...?,2026-01-03 01:33:05+00:00,2026-01-31 00:00:00+00:00,41754060.055673,INCLUDE (train canonical)
train,1139590,"US strikes Iran by January 11, 2026?",US strikes Iran by...?,2026-01-08 21:43:08+00:00,2026-01-31 00:00:00+00:00,3035454.333842,INCLUDE (train canonical)
train,1157511,"US strikes Iran by January 12, 2026?",US strikes Iran by...?,2026-01-11 05:19:44+00:00,2026-01-31 00:00:00+00:00,1743134.617493,INCLUDE (train canonical)
train,1157512,"US strikes Iran by January 13, 2026?",US strikes Iran by...?,2026-01-11 05:19:57+00:00,2026-01-31 00:00:00+00:00,3335542.878218,INCLUDE (train canonical)
train,1157513,"US strikes Iran by January 16, 2026?",US strikes Iran by...?,2026-01-11 05:20:14+00:00,2026-01-31 00:00:00+00:00,8491722.888278,INCLUDE (train canonical)
train,1168862,"US strikes Iran by January 23, 2026?",US strikes Iran by...?,2026-01-12 17:48:38+00:00,2026-01-31 00:00:00+00:00,12296618.229974,INCLUDE (train canonical)
train,1175504,"US strikes Iran by January 14, 2026?",US strikes Iran by...?,2026-01-13 16:00:07+00:00,2026-01-14 00:00:00+00:00,13619741.635223,INCLUDE (train canonical)
train,1175524,"US strikes Iran by January 15, 2026?",US strikes Iran by...?,2026-01-13 16:00:38+00:00,2026-01-15 00:00:00+00:00,7975001.728113,INCLUDE (train canonical)
train,1175547,"US strikes Iran by January 17, 2026?",US strikes Iran by...?,2026-01-13 16:02:35+00:00,2026-01-17 00:00:00+00:00,3823998.430446,INCLUDE (train canonical)
train,1175548,"US strikes Iran by January 18, 2026?",US strikes Iran by...?,2026-01-13 16:03:05+00:00,2026-01-18 00:00:00+00:00,5468912.658799,INCLUDE (train canonical)
train,1198423,"US strikes Iran by February 28, 2026?",US strikes Iran by...?,2026-01-16 14:49:30+00:00,2026-01-31 00:00:00+00:00,89652867.363489,INCLUDE (train canonical)
train,1236230,"US strikes Iran by January 26, 2026?",US strikes Iran by...?,2026-01-21 19:04:49+00:00,2026-01-31 00:00:00+00:00,6908537.995966,INCLUDE (train canonical)
train,1252874,"US strikes Iran by January 24, 2026?",US strikes Iran by...?,2026-01-23 21:30:29+00:00,2026-01-31 00:00:00+00:00,2924662.057622,INCLUDE (train canonical)
train,1252875,"US strikes Iran by January 25, 2026?",US strikes Iran by...?,2026-01-23 21:30:29+00:00,2026-01-31 00:00:00+00:00,2703691.749324,INCLUDE (train canonical)
train,1252876,"US strikes Iran by January 27, 2026?",US strikes Iran by...?,2026-01-23 21:32:33+00:00,2026-01-31 00:00:00+00:00,2498073.769815,INCLUDE (train canonical)
train,1252877,"US strikes Iran by January 28, 2026?",US strikes Iran by...?,2026-01-23 21:32:33+00:00,2026-01-31 00:00:00+00:00,1950685.08622,INCLUDE (train canonical)
train,1252878,"US strikes Iran by January 29, 2026?",US strikes Iran by...?,2026-01-23 21:32:34+00:00,2026-01-31 00:00:00+00:00,3064539.327948,INCLUDE (train canonical)
train,1252879,"US strikes Iran by January 30, 2026?",US strikes Iran by...?,2026-01-23 21:32:34+00:00,2026-01-31 00:00:00+00:00,3469658.942738,INCLUDE (train canonical)
train,1273609,"US strikes Iran by February 6, 2026?",US strikes Iran by...?,2026-01-26 22:35:11+00:00,2026-01-31 00:00:00+00:00,9750255.569183,INCLUDE (train canonical)
train,1273610,"US strikes Iran by February 13, 2026?",US strikes Iran by...?,2026-01-26 22:35:31+00:00,2026-01-31 00:00:00+00:00,15146244.148657,INCLUDE (train canonical)
train,1294616,"US strikes Iran by February 1, 2026?",US strikes Iran by...?,2026-01-29 18:35:44+00:00,2026-02-01 00:00:00+00:00,6629658.109989,INCLUDE (train canonical)
train,1294617,"US strikes Iran by February 2, 2026?",US strikes Iran by...?,2026-01-29 18:36:15+00:00,2026-02-02 00:00:00+00:00,4246232.054818,INCLUDE (train canonical)
train,1294626,"US strikes Iran by February 3, 2026?",US strikes Iran by...?,2026-01-29 18:41:05+00:00,2026-02-03 00:00:00+00:00,3763165.08593,INCLUDE (train canonical)
train,1294627,"US strikes Iran by February 4, 2026?",US strikes Iran by...?,2026-01-29 18:44:15+00:00,2026-02-04 00:00:00+00:00,3844340.239002,INCLUDE (train canonical)
train,1294628,"US strikes Iran by February 5, 2026?",US strikes Iran by...?,2026-01-29 18:44:41+00:00,2026-02-05 00:00:00+00:00,4461531.494124,INCLUDE (train canonical)
train,1320793,"US strikes Iran by February 20, 2026?",US strikes Iran by...?,2026-02-02 17:44:58+00:00,2026-01-31 00:00:00+00:00,18810054.309004,INCLUDE (train canonical)
train,1335518,"US strikes Iran by February 7, 2026?",US strikes Iran by...?,2026-02-04 20:17:23+00:00,2026-02-07 00:00:00+00:00,3615405.428671,INCLUDE (train canonical)
train,1335519,"US strikes Iran by February 8, 2026?",US strikes Iran by...?,2026-02-04 20:18:10+00:00,2026-01-31 00:00:00+00:00,3821141.563192,INCLUDE (train canonical)
train,1335520,"US strikes Iran by February 9, 2026?",US strikes Iran by...?,2026-02-04 20:18:29+00:00,2026-01-31 00:00:00+00:00,17561112.38258,INCLUDE (train canonical)
train,1360603,"US strikes Iran by February 10, 2026?",US strikes Iran by...?,2026-02-09 17:46:06+00:00,2026-01-31 00:00:00+00:00,10496936.710301,INCLUDE (train canonical)
train,1360604,"US strikes Iran by February 11, 2026?",US strikes Iran by...?,2026-02-09 17:46:26+00:00,2026-01-31 00:00:00+00:00,4493523.617713,INCLUDE (train canonical)
train,1360606,"US strikes Iran by February 12, 2026?",US strikes Iran by...?,2026-02-09 17:46:49+00:00,2026-01-31 00:00:00+00:00,4187886.303797,INCLUDE (train canonical)
train,1367164,"US strikes Iran by February 14, 2026?",US strikes Iran by...?,2026-02-11 20:11:20+00:00,2026-01-31 00:00:00+00:00,4140716.376732,INCLUDE (train canonical)
train,1367165,"US strikes Iran by February 15, 2026?",US strikes Iran by...?,2026-02-11 20:11:57+00:00,2026-01-31 00:00:00+00:00,4542348.31023,INCLUDE (train canonical)
train,1367166,"US strikes Iran by February 16, 2026?",US strikes Iran by...?,2026-02-11 20:12:20+00:00,2026-01-31 00:00:00+00:00,4855989.897672,INCLUDE (train canonical)
train,1367167,"US strikes Iran by February 17, 2026?",US strikes Iran by...?,2026-02-11 20:12:40+00:00,2026-01-31 00:00:00+00:00,5599406.178744,INCLUDE (train canonical)
train,1367168,"US strikes Iran by February 18, 2026?",US strikes Iran by...?,2026-02-11 20:13:02+00:00,2026-01-31 00:00:00+00:00,7408762.844932,INCLUDE (train canonical)
train,1367169,"US strikes Iran by February 19, 2026?",US strikes Iran by...?,2026-02-11 20:13:19+00:00,2026-01-31 00:00:00+00:00,8798852.897859,INCLUDE (train canonical)
train,1367195,"US strikes Iran by March 15, 2026?",US strikes Iran by...?,2026-02-11 20:50:45+00:00,2026-06-30 00:00:00+00:00,6642886.294674,INCLUDE (train canonical)
train,1386650,"US strikes Iran by February 21, 2026?",US strikes Iran by...?,2026-02-16 19:51:58+00:00,2026-01-31 00:00:00+00:00,12250012.64819,INCLUDE (train canonical)
train,1386656,"US strikes Iran by February 22, 2026?",US strikes Iran by...?,2026-02-16 19:52:40+00:00,2026-01-31 00:00:00+00:00,12611170.017129,INCLUDE (train canonical)
train,1386657,"US strikes Iran by February 23, 2026?",US strikes Iran by...?,2026-02-16 19:53:14+00:00,2026-01-31 00:00:00+00:00,14022418.787406,INCLUDE (train canonical)
train,1386659,"US strikes Iran by February 24, 2026?",US strikes Iran by...?,2026-02-16 19:56:19+00:00,2026-01-31 00:00:00+00:00,16942273.879883,INCLUDE (train canonical)
train,1386661,"US strikes Iran by February 25, 2026?",US strikes Iran by...?,2026-02-16 19:57:49+00:00,2026-01-31 00:00:00+00:00,10517388.653279,INCLUDE (train canonical)
train,1386662,"US strikes Iran by February 26, 2026?",US strikes Iran by...?,2026-02-16 19:58:18+00:00,2026-01-31 00:00:00+00:00,14489547.184748,INCLUDE (train canonical)
train,1386664,"US strikes Iran by February 27, 2026?",US strikes Iran by...?,2026-02-16 19:59:23+00:00,2026-01-31 00:00:00+00:00,25087849.055634,INCLUDE (train canonical)
train,1388693,"US strikes Iran by December 31, 2026?",US strikes Iran by...?,2026-02-17 13:48:30+00:00,2026-06-30 00:00:00+00:00,1689785.078052,INCLUDE (train canonical)
train,1399042,"US strikes Iran by March 1, 2026?",US strikes Iran by...?,2026-02-19 18:53:57+00:00,2026-06-30 00:00:00+00:00,8093538.598696,INCLUDE (train canonical)
train,1399064,"US strikes Iran by March 2, 2026?",US strikes Iran by...?,2026-02-19 18:54:52+00:00,2026-06-30 00:00:00+00:00,3812922.010892,INCLUDE (train canonical)
train,1399065,"US strikes Iran by March 3, 2026?",US strikes Iran by...?,2026-02-19 18:56:09+00:00,2026-06-30 00:00:00+00:00,1917862.58627,INCLUDE (train canonical)
train,1399066,"US strikes Iran by March 4, 2026?",US strikes Iran by...?,2026-02-19 18:56:52+00:00,2026-06-30 00:00:00+00:00,1376485.033304,INCLUDE (train canonical)
train,1399067,"US strikes Iran by March 5, 2026?",US strikes Iran by...?,2026-02-19 18:57:33+00:00,2026-06-30 00:00:00+00:00,1565799.114246,INCLUDE (train canonical)
train,1399072,"US strikes Iran by March 6, 2026?",US strikes Iran by...?,2026-02-19 18:58:17+00:00,2026-06-30 00:00:00+00:00,1008203.888368,INCLUDE (train canonical)
train,1399088,"US strikes Iran by March 7, 2026?",US strikes Iran by...?,2026-02-19 19:00:28+00:00,2026-06-30 00:00:00+00:00,2470665.764037,INCLUDE (train canonical)
train,1437691,"US strikes Iran by March 8, 2026?",US strikes Iran by...?,2026-02-25 19:29:07+00:00,2026-06-30 00:00:00+00:00,539454.489312,INCLUDE (train canonical)
train,1437693,"US strikes Iran by March 9, 2026?",US strikes Iran by...?,2026-02-25 19:30:32+00:00,2026-06-30 00:00:00+00:00,379809.929668,INCLUDE (train canonical)
train,1437723,"US strikes Iran by March 10, 2026?",US strikes Iran by...?,2026-02-25 19:32:28+00:00,2026-06-30 00:00:00+00:00,269970.023794,INCLUDE (train canonical)
train,1437724,"US strikes Iran by March 11, 2026?",US strikes Iran by...?,2026-02-25 19:35:28+00:00,2026-06-30 00:00:00+00:00,190483.150126,INCLUDE (train canonical)
train,1437725,"US strikes Iran by March 12, 2026?",US strikes Iran by...?,2026-02-25 19:36:51+00:00,2026-06-30 00:00:00+00:00,197657.974949,INCLUDE (train canonical)
train,1437734,"US strikes Iran by March 13, 2026?",US strikes Iran by...?,2026-02-25 19:38:14+00:00,2026-06-30 00:00:00+00:00,283107.338609,INCLUDE (train canonical)
train,1437735,"US strikes Iran by March 14, 2026?",US strikes Iran by...?,2026-02-25 19:39:13+00:00,2026-06-30 00:00:00+00:00,0.0,INCLUDE (train canonical)
train,1437737,"US strikes Iran by March 14, 2026?",US strikes Iran by...?,2026-02-25 19:40:10+00:00,2026-06-30 00:00:00+00:00,357945.7646,INCLUDE (train canonical)
